{"cameraMode":{"drawMode":0,"name":"Shaded","section":"Shading Mode"},"sceneLighting":false,"audioPlay":false,"sceneViewState":{"m_AlwaysRefresh":false,"showFog":true,"showSkybox":false,"showFlares":true,"showImageEffects":true,"showParticleSystems":true,"showVisualEffectGraphs":true,"m_FxEnabled":true},"in2DMode":false,"pivot":{"x":-9.960139274597168,"y":0.8173772096633911,"z":0.11294008046388626},"rotation":{"x":-0.11976569890975952,"y":-0.06488636881113053,"z":0.007838623598217965,"w":-0.9906685948371887},"size":0.909830629825592,"orthographic":false}