{"cameraMode":{"drawMode":0,"name":"Shaded","section":"Shading Mode"},"sceneLighting":false,"audioPlay":false,"sceneViewState":{"m_AlwaysRefresh":false,"showFog":true,"showSkybox":true,"showFlares":true,"showImageEffects":true,"showParticleSystems":true,"showVisualEffectGraphs":true,"m_FxEnabled":true},"in2DMode":false,"pivot":{"x":12.088093757629395,"y":3.0021519660949709,"z":-0.9756126403808594},"rotation":{"x":-0.1024913564324379,"y":-0.1465640813112259,"z":0.015205892734229565,"w":-0.9836717247962952},"size":4.721406936645508,"orthographic":false}