{"cameraMode":{"drawMode":0,"name":"Shaded","section":"Shading Mode"},"sceneLighting":false,"audioPlay":false,"sceneViewState":{"m_AlwaysRefresh":false,"showFog":true,"showSkybox":true,"showFlares":true,"showImageEffects":true,"showParticleSystems":true,"showVisualEffectGraphs":true,"m_FxEnabled":true},"in2DMode":false,"pivot":{"x":-6.506014823913574,"y":1.2707180976867676,"z":99.46707916259766},"rotation":{"x":-0.010809564031660557,"y":-0.0009030170040205121,"z":0.000009284041880164295,"w":-0.9999461770057678},"size":55.205772399902347,"orthographic":false}